int	int	int	int	int	int	int	int	int	int	int	bool	DTVector2	string	string	int	bool	int	bool	int	bool	string	string
id	引导组	顺序	引导完成条件:|n|1建造建筑|n|2升级建筑|n|3升级艺人|n|4招募艺人|n|5街道宣传|n|6进行路演|n|7占领城市|n|8拍摄电影|n|9查看电影收益|n|10领取电影收益次数|n|11提升关注度|n|12任命形象大使|n|13选择重点宣传城市|n|14领取城市收益|n|15进行生产|n|16完成订单|n|17处理公务|n|18接待粉丝|n|19领取电影收益数量|n|20点击引导对象|n|21开拓楼层|n|22选中国家|n|23选中城市|n|24点击指定页面任意地方|n|25订单物品装箱|n|26选择剧本拍摄|n|27消耗许可证拍摄|n|28拍摄	引导完成参数|n|1建筑ID|n|2建筑ID|n|3艺人等级|n|4拥有艺人数量|n|5街道ID|n|6城市ID|n|7城市ID|n|8拍摄电影数量|n|9打开收益界面|n|10领取收益次数|n|11电影关注度次数|n|12城市ID|n|13宣传城市ID|n|14领取城市收益数量|n|15生产次数|n|16完成订单数量|n|17处理公务数量|n|18接待粉丝次数|n|19领取电影收益数量|n|20无|n|21无|n|22国家ID|n|23城市ID|n|24页面ID|n|25装箱物品数量|n|28拍摄状态id	副要求参数|n|2建筑等级|n|3艺人数量|n|12形象大使数量	触发条件|n|1.完成同组引导|n|2.拥有正在收益的电影|n|3.拥有订单	1.同组引导id|n|2.链接引导ID|n|3.链接引导ID	下一组引导	GuidePath 中对应的id	path_par1	小半身像对话框|n|0=不出现|n|1=出现	小半身像对话框位置	内容	content	手指方向:|n||n|0=无|n|1=上|n|2=下|n|3=左|n|4=右	光圈|n|0=不出现|n|1=出现	光圈半径	是否触发剧情|n|0=否|n|1=是	触发剧情id	强制引导|n|0弱引导|n|1强引导	备注	备注2
id	group	order	finish_type	finish_value_1	finish_value_2	trigger_type	trigger_value	next_guide	path_id	path_par1	assistant	position	cn_content	en_content	f_direction	halo	radius	storyline	storyline_id	force	tips	tips2
100101	1001	1	21						100101		1	0;400	让我们开始吧，我都迫不及待了	让我们开始吧，我都迫不及待了	1	1	60	1	100201	0	开业扩建第一层	点击扩建
100201	1002	1	20						100102		1	0;400	好了，现在建电影院的空间已经足够了，让我们开始建造吧！	好了，现在建电影院的空间已经足够了，让我们开始建造吧！	1	1	60			0	建造电影院	点击建造
100202	1002	2	1	1					100103	1	1	0;400	看，可以建造电影院啦，快点开始吧！	看，可以建造电影院啦，快点开始吧！	1	1	60	1	100401	0	建造电影院	点击电影院
100301	1003	1	21						100101		1	0;400	建摄影棚需要更大的空间，让我们先把顶层扩建吧~	建摄影棚需要更大的空间，让我们先把顶层扩建吧~	1	1	60			0	建造摄影棚	点击扩建
100302	1003	2	20						100102		1	0;400	好了，现在建摄影棚的空间已经足够了，让我们开始建造吧！	好了，现在建摄影棚的空间已经足够了，让我们开始建造吧！	1	1	60			0	建造摄影棚	点击建造
100303	1003	3	1	2					100103	2	1	0;400	看，可以建造摄影棚啦，快点开始吧！	看，可以建造摄影棚啦，快点开始吧！	1	1	60	1	100501	0	建造摄影棚	点击摄影棚
100401	1004	1	20						300101		1	0;180	开始拍摄电影吧	开始拍摄电影吧	1	1	60			0	拍摄第一部电影	点击拍摄
100402	1004	2	28	2					300102		1	0;180	联系了几个编剧，让我们先来看看剧本吧！	联系了几个编剧，让我们先来看看剧本吧！	1	1	60	1	100601	0	拍摄第一部电影	点击开始拍摄
100403	1004	3	24						300112		1	0;180	编剧提供了三个剧本给我们，选择的时候，也别忘了考虑我们旗下的艺人是不是擅长这种类型的剧本喔。	编剧提供了三个剧本给我们，选择的时候，也别忘了考虑我们旗下的艺人是不是擅长这种类型的剧本喔。	1	1	60			0	拍摄第一部电影	无
100404	1004	4	28	4					300103		1	0;180	不如这次就拍这部吧！	不如这次就拍这部吧！	1	1	60	1	100701	0	拍摄第一部电影	点击剧本
100405	1004	5	28	6					300107		1	0;180	虽然现在暂时没得选，但是以后你在选择艺人时要注意他所擅长的领域，如果跟我们剧本里角色对应的话，对影片质量也是一种保障~	虽然现在暂时没得选，但是以后你在选择艺人时要注意他所擅长的领域，如果跟我们剧本里角色对应的话，对影片质量也是一种保障~	1	1	60	1	100801	0	拍摄第一部电影	无
100406	1004	6	28	11					300108		1	0;180	到了该选择拍摄类型的时候了，如果拍摄类型与所选剧本题材相契合，也能进一步提升我们的影片质量喔。	到了该选择拍摄类型的时候了，如果拍摄类型与所选剧本题材相契合，也能进一步提升我们的影片质量喔。	1	1	60			0	拍摄第一部电影	无
100501	1005	1	20			2	999999		300111		1	0;180	你可以在这里看到这部电影的持续收益情况哦~	你可以在这里看到这部电影的持续收益情况哦~	1	1	60			0	查看电影收益	点击后续电影
100601	1006	1	20						300111		1	0;180	之前查看过电影的持续收益，现在我们可以收取它们啦~	之前查看过电影的持续收益，现在我们可以收取它们啦~	1	1	60			0	领取一次电影收益	点击后续电影
100602	1006	2	10	1					300105		1	0;180	快点收取收益吧~	快点收取收益吧~	1	1	60			0	领取一次电影收益	点击领取收益
100701	1007	1	21						100101		1	0;400	建艺人教室需要更多空间，我们得先把顶层扩建一下~	建艺人教室需要更多空间，我们得先把顶层扩建一下~	1	1	60			0	建造艺人教室	点击扩建
100702	1007	2	20						100102		1	0;400	开始建造艺人教室吧，千里之行，始于足下~	开始建造艺人教室吧，千里之行，始于足下~	1	1	60			0	建造艺人教室	点击建造
100703	1007	3	1	3					100103	3	1	0;400	看，现在我们可以建造艺人教室啦，赶紧动工吧！	看，现在我们可以建造艺人教室啦，赶紧动工吧！	1	1	60			0	建造艺人教室	点击艺人教师
100801	1008	1	20						400101		1	0;180	让我们先打开艺人名单~	让我们先打开艺人名单~	1	1	60			0	获得第二个艺人	点击艺人icon
100802	1008	2	20						400102		1	0;180	现在我们可以呼叫公司的星探去帮我们发掘有潜力的艺人了！	现在我们可以呼叫公司的星探去帮我们发掘有潜力的艺人了！	1	1	60			0	获得第二个艺人	点击星探
100803	1008	3	20						400103		1	0;180	让星探开始探查有潜力的艺人吧！	让星探开始探查有潜力的艺人吧！	1	1	60			0	获得第二个艺人	点击探查
100804	1008	4	4	2					400105		1	0;200	下面是目前可招募的艺人哦，选择一个心仪的艺人进行签约吧！	下面是目前可招募的艺人哦，选择一个心仪的艺人进行签约吧！	1	1	60			0	获得第二个艺人	探查成功
100901	1009	1	20						400101		1	0;180	让我们先打开艺人名单~	让我们先打开艺人名单~	1	1	60			0	一个艺人到5级	点击艺人icon
100902	1009	2	20						400106	5	1	0;180	选中一个艺人来升到5级~	选中一个艺人来升到5级~	1	1	60			0	一个艺人到5级	点击列表的全局
100903	1009	3	3	5	2				400104		1	0;180	这里就可以为艺人进行升级啦！	这里就可以为艺人进行升级啦！	1	1	60			0	一个艺人到5级	点击升级
101001	1010	1	21						100101		1	0;400	建市场部需要更多空间，我们得先把顶层扩建一下~	建市场部需要更多空间，我们得先把顶层扩建一下~	1	1	60			0	建造市场部	点击扩建
101002	1010	2	20						100102		1	0;400	开始建造市场部吧，让我们的公司进一步壮大~	开始建造市场部吧，让我们的公司进一步壮大~	1	1	60			0	建造市场部	点击建造
101003	1010	3	1	4					100103	4	1	0;400	看，现在我们可以建造市场部啦，赶紧动工吧！	看，现在我们可以建造市场部啦，赶紧动工吧！	1	1	60			0	建造市场部	点击市场部
101101	1011	1	20						500101		1	0;180	先来看看我们的市场版图吧~	先来看看我们的市场版图吧~	1	1	60			0	宣传星光大道	点击市场ICON
101102	1011	2	22	101					500102	101										0	进入美国	点击国家
101103	1011	3	23	1101					500103	1101										0	进入洛杉矶	点击城市
101104	1011	4	20						500104		1	0;180	从这里就可以进入街道开始宣传啦~	从这里就可以进入街道开始宣传啦~	1	1	60			0	宣传星光大道	点击街道
101105	1011	5	5	11001					500105		1	0;180	这里就可以开始我们的宣传了哦~	这里就可以开始我们的宣传了哦~	1	1	60			0	宣传星光大道	点击宣传
101201	1012	1	20						100104	4	1	0;180	点击查看市场部信息~	点击查看市场部信息~	1	1	60			0	升级市场部	点击市场部标题
101202	1012	2	2	4	2	1	101201		100105		1	0;180	这里就可以升级市场部了哦~	这里就可以升级市场部了哦~	1	1	60			0	升级市场部	点击市场部标题
101301	1013	1	20			2	999999		300104		1	0;180	这里可以看到我们目前还在上映中的电影的持续收益情况~	这里可以看到我们目前还在上映中的电影的持续收益情况~	1	1	60			0	提高一次电影关注度	点击后续电影
101302	1013	2	11	1					300106		1	0;180	想提高电影的关注度，就需要耗费宣传册了哦~	想提高电影的关注度，就需要耗费宣传册了哦~	1	1	60			0	提高一次电影关注度	点击提升关注度
101401	1014	1	20						500101		1	0;180	先来看看我们的市场版图吧~	先来看看我们的市场版图吧~	1	1	60			0	加入代言人宣传第二个街道	点击市场ICON
101402	1014	2	22	101					500102	101												点击国家
101403	1014	3	23	1101					500103	1101												点击城市
101404	1014	4	20						500104		1	0;180	从这里就可以进入街道开始宣传啦~	从这里就可以进入街道开始宣传啦~	1	1	60			0	加入代言人宣传第二个街道	点击街道
101405	1014	5	20						500106		1	0;180	如果我们让旗下一名艺人来这里作为代言人进行宣传的话，就可以更快地完成这个街区的宣传了哦~	如果我们让旗下一名艺人来这里作为代言人进行宣传的话，就可以更快地完成这个街区的宣传了哦~	1	1	60			0	加入代言人宣传第二个街道	点击代言人
101406	1014	6	5	11002					500105		1	0;180	好啦，代言人已经选好了，让我们开始吧~	好啦，代言人已经选好了，让我们开始吧~	1	1	60			0	加入代言人宣传第二个街道	点击宣传按钮
101501	1015	1	20						500101		1	0;180	先来看看我们的市场版图吧~	先来看看我们的市场版图吧~	1	1	60			0	加入代言人宣传第三个街道	点击市场ICON
101502	1015	2	22	101					500102	101												点击国家
101503	1015	3	23	1101					500103	1101												点击城市
101504	1015	4	20						500104		1	0;180	从这里就可以进入街道开始宣传啦~	从这里就可以进入街道开始宣传啦~	1	1	60			0	加入代言人宣传第三个街道	点击街道
101505	1015	5	20						500106		1	0;180	如果我们让旗下一名艺人来这里作为代言人进行宣传的话，就可以更快地完成这个街区的宣传了哦~	如果我们让旗下一名艺人来这里作为代言人进行宣传的话，就可以更快地完成这个街区的宣传了哦~	1	1	60			0	加入代言人宣传第三个街道	点击代言人
101506	1015	6	5	11003					500105		1	0;180	好啦，代言人已经选好了，让我们开始吧~	好啦，代言人已经选好了，让我们开始吧~	1	1	60			0	加入代言人宣传第三个街道	点击宣传按钮
101601	1016	1	20						500101		1	0;180	先来看看我们的市场版图吧~	先来看看我们的市场版图吧~	1	1	60			0	进行第一个城市的路演	点击市场ICON
101602	1016	2	22	101					500102	101												点击国家
101603	1016	3	23	1101					500103	1101												点击城市
101604	1016	4	6	1101					500107		1	0;180	就在这里进行我们的路演吧！	就在这里进行我们的路演吧！	1	1	60			0	进行第一个城市的路演	点击路演按钮
101701	1017	1	20						500101		1	0;180	先来看看我们的市场版图吧~	先来看看我们的市场版图吧~	1	1	60			0	占领第一个城市	点击市场ICON
101702	1017	2	22	101					500102	101												点击国家
101703	1017	3	23	1101					500103	1101												点击城市
101704	1017	4	7	1101					500108		1	0;180	这样就可以占领这座城市啦！	这样就可以占领这座城市啦！	1	1	60			0	占领第一个城市	点击占领按钮
101801	1018	1	20						500101		1	0;180	先来看看我们的市场版图吧~	先来看看我们的市场版图吧~	1	1	60			0	给第一个城市派遣形象大使	点击市场ICON
101802	1018	2	22	101					500102	101												点击国家
101803	1018	3	23	1101					500103	1101	1	0;400	让我们选择已经占领的这座城市吧！	让我们选择已经占领的这座城市吧！	1	1	60			0	给第一个城市派遣形象大使	点击城市
101804	1018	4	12	1101	1				500109		1	0;180	这里就可以选择我们要派驻的形象大使了哦。	这里就可以选择我们要派驻的形象大使了哦。	1	1	60			0	给第一个城市派遣形象大使	点击形象大使按钮
101901	1019	1	20			2	999999		300104		1	0;180	这里可以看到我们目前还在上映中的电影的持续收益情况~	这里可以看到我们目前还在上映中的电影的持续收益情况~	1	1	60			0	切换电影的宣传城市	点击后续电影
101902	1019	2	20						300109	1101	1	0;180	目前我们就选这个城市就好啦~	目前我们就选这个城市就好啦~	1	1	60			0	切换电影的宣传城市	点击城市
101903	1019	3	13	1101					300110		1	0;180	这样就可以切换到这座城市进行重点宣传了哦。	这样就可以切换到这座城市进行重点宣传了哦。	1	1	60			0	切换电影的宣传城市	点击切换按钮
102001	1020	1	20			2	999999		300104		1	0;180	这里可以看到我们目前还在上映中的电影的持续收益情况~	这里可以看到我们目前还在上映中的电影的持续收益情况~	1	1	60			0	提高电影的关注度	点击后续电影
102002	1020	2	11	2					300106		1	0;180	想提高电影的关注度，就需要耗费宣传册了哦~	想提高电影的关注度，就需要耗费宣传册了哦~	1	1	60			0	提高电影的关注度	点击提升关注度
102101	1021	1	20						400101		1	0;180	让我们先打开艺人名单~	让我们先打开艺人名单~	1	1	60			0	第二个艺人到5级	点击艺人icon
102102	1021	2	20						400106	5	1	0;180	选中一个艺人来升到5级~	选中一个艺人来升到5级~	1	1	60			0	第二个艺人到5级	点击列表的全局
102103	1021	3	3	1	5	1	102102		400104		1	0;180	这里就可以为艺人进行升级啦！	这里就可以为艺人进行升级啦！	1	1	60			0	第二个艺人到5级	点击升级
102201	1022	1	20						300101		1	0;180	开始拍摄电影吧	开始拍摄电影吧	1	1	60			0	拍摄第一部电影	点击拍摄
102202	1022	2	28	2					300102		1	0;180	联系了几个编剧，让我们先来看看剧本吧！	联系了几个编剧，让我们先来看看剧本吧！	1	1	60			0	拍摄第一部电影	点击开始拍摄
102203	1022	3	24						300112		1	0;180	编剧提供了三个剧本给我们，选择的时候，也别忘了考虑我们旗下的艺人是不是擅长这种类型的剧本喔。	编剧提供了三个剧本给我们，选择的时候，也别忘了考虑我们旗下的艺人是不是擅长这种类型的剧本喔。	1	1	60			0	拍摄第一部电影	无
102204	1022	4	20						300103		1	0;180	不如这次就拍这部吧！	不如这次就拍这部吧！	1	1	60			0	拍摄第一部电影	点击剧本
102205	1022	5	24						300107		1	0;180	虽然现在暂时没得选，但是以后你在选择艺人时要注意他所擅长的领域，如果跟我们剧本里角色对应的话，对影片质量也是一种保障~	虽然现在暂时没得选，但是以后你在选择艺人时要注意他所擅长的领域，如果跟我们剧本里角色对应的话，对影片质量也是一种保障~	1	1	60			0	拍摄第一部电影	无
102206	1022	6	24						300108		1	0;180	到了该选择拍摄类型的时候了，如果拍摄类型与所选剧本题材相契合，也能进一步提升我们的影片质量喔。	到了该选择拍摄类型的时候了，如果拍摄类型与所选剧本题材相契合，也能进一步提升我们的影片质量喔。	1	1	60			0	拍摄第一部电影	无
102301	1023	1	21						100101		1	0;400	建宣传部需要更多空间，我们得先把顶层扩建一下~	建宣传部需要更多空间，我们得先把顶层扩建一下~	1	1	60			0	建造宣传部	点击扩建
102302	1023	2	20						100102		1	0;400	开始建造宣传部吧，让我们的公司进一步壮大~	开始建造宣传部吧，让我们的公司进一步壮大~	1	1	60			0	建造宣传部	点击建造
102303	1023	3	1	5					100103	5	1	0;400	看，现在我们可以建造宣传部啦，赶紧动工吧！	看，现在我们可以建造宣传部啦，赶紧动工吧！	1	1	60			0	建造宣传部	点击宣传部
102401	1024	1	20						500101		1	0;180	先来看看我们的市场版图吧~	先来看看我们的市场版图吧~	1	1	60			0	完成第二个城市路演	点击市场ICON
102402	1024	2	22	101					500102	101												点击国家
102403	1024	3	23	1102					500103	1102												点击城市
102404	1024	4	5	11004					500104		1	0;180	进行路演之前，必须先把各街区的宣传完成哦~	进行路演之前，必须先把各街区的宣传完成哦~	1	1	60			0	完成第二个城市路演	点击街道
102405	1024	5	5	11005					500104		1	0;180	再接再厉，完成这座城市所有街区的宣传吧~	再接再厉，完成这座城市所有街区的宣传吧~	1	1	60			0	完成第二个城市路演	点击街道
102406	1024	6	5	11006					500104		1	0;180	再接再厉，完成这座城市所有街区的宣传吧~	再接再厉，完成这座城市所有街区的宣传吧~	1	1	60			0	完成第二个城市路演	点击街道
102407	1024	7	5	11007					500104		1	0;180	再接再厉，完成这座城市所有街区的宣传吧~	再接再厉，完成这座城市所有街区的宣传吧~	1	1	60			0	完成第二个城市路演	点击街道
102408	1024	8	6	1102					500107		1	0;180	点击这里进行路演	点击这里进行路演	1	1	60			0	完成第二个城市路演	点击路演按钮
102501	1025	1	20						500101		1	0;180	先来看看我们的市场版图吧~	先来看看我们的市场版图吧~	1	1	60			0	占领第二个城市	点击市场ICON
102502	1025	2	22	101					500102	101												点击国家
102503	1025	3	23	1102					500103	1102												点击城市
102504	1025	4	7	1102					500108		1	0;180	这样就可以占领这座城市啦！	这样就可以占领这座城市啦！	1	1	60			0	占领第二个城市	点击占领按钮
102601	1026	1	20						500101		1	0;180	先来看看我们的市场版图吧~	先来看看我们的市场版图吧~	1	1	60			0	给第二个城市派遣宣传大使	点击市场ICON
102602	1026	2	22	101					500102	101												点击国家
102603	1026	3	23	1102					500103	1102	1	0;400	让我们选择已经占领的这座城市吧！	让我们选择已经占领的这座城市吧！	1	1	60			0	给第二个城市派遣宣传大使	点击城市
102604	1026	4	12	1102	1				500109		1	0;180	这里就可以选择我们要派驻的形象大使了哦。	这里就可以选择我们要派驻的形象大使了哦。	1	1	60			0	给第二个城市派遣宣传大使	点击形象大使按钮
102701	1027	1	20			2	999999		300104		1	0;180	这里可以看到我们目前还在上映中的电影的持续收益情况~	这里可以看到我们目前还在上映中的电影的持续收益情况~	1	1	60			0	增加电影关注度	点击后续电影
102702	1027	2	11	3					300106		1	0;180	想提高电影的关注度，就需要耗费宣传册了哦~	想提高电影的关注度，就需要耗费宣传册了哦~	1	1	60			0	增加电影关注度	点击提升关注度
102801	1028	1	20						500101		1	0;180	先来看看我们的市场版图吧~	先来看看我们的市场版图吧~	1	1	60			0	任命形象大使	点击市场ICON
102802	1028	2	22	101					500102	101											任命形象大使	点击国家
102803	1028	3	23	1102					500103	1102	1	0;400	让我们选择已经占领的这座城市吧！	让我们选择已经占领的这座城市吧！	1	1	60			0	任命形象大使	点击城市
102804	1028	4	12	1102	2				500109		1	0;180	这里就可以选择我们要派驻的形象大使了哦。	这里就可以选择我们要派驻的形象大使了哦。	1	1	60			0	任命形象大使	点击形象大使按钮
102901	1029	1	20						300111		1	0;180	之前查看过电影的持续收益，现在我们可以收取它们啦~	之前查看过电影的持续收益，现在我们可以收取它们啦~	1	1	60			0	领取电影持续收益	点击后续电影
102902	1029	2	19	500					300105		1	0;180	快点收取收益吧~	快点收取收益吧~	1	1	60			0	领取电影持续收益	点击领取收益
103001	1030	1	20						500101		1	0;180	先来看看我们的市场版图吧~	先来看看我们的市场版图吧~	1	1	60			0	领取城市收益	点击市场ICON
103002	1030	2	22	101					500102	101												点击国家
103003	1030	3	20						500111		1	0;400	让我们选择已经占领的这座城市吧！	让我们选择已经占领的这座城市吧！	1	1	60			0	领取城市收益	点击城市
103004	1030	4	14	500					500110		1	0;180	我们可以定期来这里收取城市所产生的收益哦。	我们可以定期来这里收取城市所产生的收益哦。	1	1	60			0	领取城市收益	点击领取城市收益
103101	1031	1	20						400101		1	0;180	让我们先打开艺人名单~	让我们先打开艺人名单~	1	1	60			0	一位艺人升到10级	点击艺人icon
103102	1031	2	20						400106	10	1	0;180	选中一个艺人来升到5级~	选中一个艺人来升到5级~	1	1	60			0	第二个艺人到5级	点击列表的全局
103103	1031	3	3			1	103102		400104		1	0;180	这里就可以为艺人进行升级啦！	这里就可以为艺人进行升级啦！	1	1	60			0	一位艺人升到10级	点击升级
103201	1032	1	20						500101		1	0;180	先来看看我们的市场版图吧~	先来看看我们的市场版图吧~	1	1	60			0	完成城市宣传	点击市场ICON
103202	1032	2	22	101					500102	101												点击国家
103203	1032	3	23	1103					500103	1103												点击城市
103204	1032	4	20						500104		1	0;180	从这里就可以进入街道开始宣传啦~	从这里就可以进入街道开始宣传啦~	1	1	60			0	完成城市宣传	点击街道
103205	1032	5	5	11008					500106		1	0;180	如果我们派遣一名代言人的话,这个街区宣传速度会更快	如果我们派遣一名代言人的话,这个街区宣传速度会更快						0	完成城市宣传	点击代言人
103301	1033	1	21						100101		1	0;400	建仓库需要更多空间，我们得先把顶层扩建一下~	建仓库需要更多空间，我们得先把顶层扩建一下~	1	1	60			0	建立仓库	点击扩建
103302	1033	2	20						100102		1	0;400	开始建造仓库吧，让我们的公司进一步壮大~	开始建造仓库吧，让我们的公司进一步壮大~	1	1	60			0	建立仓库	点击建造
103303	1033	3	1	6					100103	6	1	0;400	看，现在我们可以建造仓库啦，赶紧动工吧！	看，现在我们可以建造仓库啦，赶紧动工吧！	1	1	60			0	建立仓库	点击仓库
103401	1034	1	20						510101		1	0;180	首先，让我们看一下经营情况~	首先，让我们看一下经营情况~	1	1	60			0	生产周边	点击经营
103402	1034	2	20						510102		1	0;180	让我们看一下目前可以生产的周边吧~	让我们看一下目前可以生产的周边吧~	1	1	60			0	生产周边	点击生产
103403	1034	3	15	1					510103		1	0;180	选择一条生产线开始生产吧~之后只要等待生产完成就可以啦。	选择一条生产线开始生产吧~之后只要等待生产完成就可以啦。	1	1	60			0	生产周边	生产钞票
103501	1035	1	21						100101		1	0;400	建销售部需要更多空间，我们得先把顶层扩建一下~	建销售部需要更多空间，我们得先把顶层扩建一下~	1	1	60			0	建立销售部	点击扩建
103502	1035	2	20						100102		1	0;400	开始建造销售部吧，让我们的公司进一步壮大~	开始建造销售部吧，让我们的公司进一步壮大~	1	1	60			0	建立销售部	点击建造
103503	1035	3	1	7					100103	7	1	0;400	看，现在我们可以建造销售部啦，赶紧动工吧！	看，现在我们可以建造销售部啦，赶紧动工吧！	1	1	60			0	建立销售部	点击销售部
103601	1036	1	20						100104	2	1	0;180	点击查看摄影棚信息~	点击查看摄影棚信息~	1	1	60			0	升级摄影棚	点击摄影棚标题
103602	1036	2	2	2	2	1	103601		100105		1	0;180	这里就可以升级摄影棚了哦~	这里就可以升级摄影棚了哦~	1	1	60			0	升级市场部	点击市场部标题
103701	1037	1	21						100101		1	0;400	建商务部需要更多空间，我们得先把顶层扩建一下~	建商务部需要更多空间，我们得先把顶层扩建一下~	1	1	60			0	建造商务部	点击扩建
103702	1037	2	20						100102		1	0;400	开始建造商务部吧，让我们的公司进一步壮大~	开始建造商务部吧，让我们的公司进一步壮大~	1	1	60			0	建造商务部	点击建造
103703	1037	3	1	8					100103	8	1	0;400	看，现在我们可以建造商务部啦，赶紧动工吧！	看，现在我们可以建造商务部啦，赶紧动工吧！	1	1	60			0	建造商务部	点击商务部
103801	1038	1	20						300101		1	0;180	开始拍摄电影吧	开始拍摄电影吧	1	1	60			0	拍摄第三部电影	点击拍摄
103802	1038	2	28	2					300102		1	0;180	联系了几个编剧，让我们先来看看剧本吧！	开始拍摄电影吧	1	1	60			0	拍摄第一部电影	点击拍摄
103803	1038	3	24						300112		1	0;180	编剧提供了三个剧本给我们，选择的时候，也别忘了考虑我们旗下的艺人是不是擅长这种类型的剧本喔。	联系了几个编剧，让我们先来看看剧本吧！	1	1	60			0	拍摄第一部电影	点击开始拍摄
103804	1038	4	20						300103		1	0;180	不如这次就拍这部吧！	编剧提供了三个剧本给我们，选择的时候，也别忘了考虑我们旗下的艺人是不是擅长这种类型的剧本喔。	1	1	60			0	拍摄第一部电影	无
103805	1038	5	24						300107		1	0;180	虽然现在暂时没得选，但是以后你在选择艺人时要注意他所擅长的领域，如果跟我们剧本里角色对应的话，对影片质量也是一种保障~	不如这次就拍这部吧！	1	1	60			0	拍摄第一部电影	点击剧本
103806	1038	6	24						300108		1	0;180	到了该选择拍摄类型的时候了，如果拍摄类型与所选剧本题材相契合，也能进一步提升我们的影片质量喔。	虽然现在暂时没得选，但是以后你在选择艺人时要注意他所擅长的领域，如果跟我们剧本里角色对应的话，对影片质量也是一种保障~	1	1	60			0	拍摄第一部电影	无
103901	1039	1	20			3	999998		520101		1	0;180	首先，让我们看一下经营情况~	首先，让我们看一下经营情况~	1	1	60			0	拍摄第一部电影	无
103902	1039	2	20						520102		1	0;180	这里能看到目前收到的订单哦。	这里能看到目前收到的订单哦。	1	1	60			0	完成第一个订单	点击订单
103903	1039	3	20						520103		1	0;180	订单都有时间限制，过了时限客户就会放弃这笔订单了，这对我们可是损失，所以一定要及时处理！	订单都有时间限制，过了时限客户就会放弃这笔订单了，这对我们可是损失，所以一定要及时处理！	1	1	60			0	完成第一个订单	点击订单icon
103904	1039	4	25	1					520104	1	1	0;180	选择需要装箱的订单之后点一下就会自动装入需要数量的周边了哦，这样就可以完成这笔订单啦~	选择需要装箱的订单之后点一下就会自动装入需要数量的周边了哦，这样就可以完成这笔订单啦~	1	1	60			0	完成第一个订单	点击装箱
103905	1039	5	25	2					520104	2	1	0;180	选择需要装箱的订单之后点一下就会自动装入需要数量的周边了哦，这样就可以完成这笔订单啦~	选择需要装箱的订单之后点一下就会自动装入需要数量的周边了哦，这样就可以完成这笔订单啦~	1	1	60			0	完成第一个订单	点击装箱
103906	1039	6	16	1		3			520105		1	0;180	赶紧确认完成这笔订单吧~	赶紧确认完成这笔订单吧~	1	1	60			0	完成第一个订单	点击确认
104001	1040	1	20						500101		1	0;180	先来看看我们的市场版图吧~	先来看看我们的市场版图吧~	1	1	60			0	占领第3个城市	点击市场ICON
104002	1040	2	22	101					500102	101											占领第3个城市	点击国家
104003	1040	3	23	1103					500103	1103											占领第3个城市	点击城市
104004	1040	4	5	11009					500104		1	0;180	再接再厉，完成这座城市所有街区的宣传吧~	再接再厉，完成这座城市所有街区的宣传吧~	1	1	60			0	完成第二个城市路演	点击街道
104005	1040	5	5	11010					500104		1	0;180	再接再厉，完成这座城市所有街区的宣传吧~	再接再厉，完成这座城市所有街区的宣传吧~	1	1	60			0	完成第二个城市路演	点击街道
104006	1040	6	5	11011					500104		1	0;180	再接再厉，完成这座城市所有街区的宣传吧~	再接再厉，完成这座城市所有街区的宣传吧~	1	1	60			0	完成第二个城市路演	点击街道
104007	1040	7	6	1103					500107		1	0;180	就在这里进行我们的路演吧！	就在这里进行我们的路演吧！	1	1	60			0	进行第一个城市的路演	点击路演按钮
104008	1040	8	7	1103					500108		1	0;180	这样就可以占领这座城市啦！	这样就可以占领这座城市啦！	1	1	60	1	101601	0	占领第3个城市	点击占领按钮
104101	1041	1	20						500101		1	0;180	先来看看我们的市场版图吧~	先来看看我们的市场版图吧~	1	1	60			0	给第五个城市派遣形象大使	点击市场ICON
104102	1041	2	22	101					500102	101												点击国家
104103	1041	3	23	1103					500103	1103	1	0;400	让我们选择已经占领的这座城市吧！	让我们选择已经占领的这座城市吧！	1	1	60			0	给第五个城市派遣形象大使	点击城市
104104	1041	4	12	1103	3				500109		1	0;180	这里就可以选择我们要派驻的形象大使了哦。	这里就可以选择我们要派驻的形象大使了哦。	1	1	60			0	给第五个城市派遣形象大使	点击形象大使按钮
104201	1042	1	20						400101		1	0;180	让我们先打开艺人名单~	让我们先打开艺人名单~	1	1	60			0	一个艺人升到20级	点击艺人icon
104202	1042	2	20						400106	20	1	0;180	选中一个艺人来升到5级~	选中一个艺人来升到5级~	1	1	60			0	第二个艺人到5级	点击列表的全局
104203	1042	3	3	5	2	1	104202		400104		1	0;180	这里就可以为艺人进行升级啦！	这里就可以为艺人进行升级啦！	1	1	60			0	一个艺人升到20级	点击升级
104301	1043	1	20						500101		1	0;180	先来看看我们的市场版图吧~	先来看看我们的市场版图吧~	1	1	60			0	占领第六个城市	点击市场ICON
104302	1043	2	22	101					500102	101												点击国家
104303	1043	3	23	1104					500103	1104												点击城市
104304	1043	4	5	11012					500104		1	0;180	再接再厉，完成这座城市所有街区的宣传吧~	再接再厉，完成这座城市所有街区的宣传吧~	1	1	60			0	完成第二个城市路演	点击街道
104305	1043	5	5	11013					500104		1	0;180	再接再厉，完成这座城市所有街区的宣传吧~	再接再厉，完成这座城市所有街区的宣传吧~	1	1	60			0	完成第二个城市路演	点击街道
104306	1043	6	5	11014					500104		1	0;180	再接再厉，完成这座城市所有街区的宣传吧~	再接再厉，完成这座城市所有街区的宣传吧~	1	1	60			0	完成第二个城市路演	点击街道
104307	1043	7	5	11015					500104		1	0;180	再接再厉，完成这座城市所有街区的宣传吧~	再接再厉，完成这座城市所有街区的宣传吧~	1	1	60			0	完成第二个城市路演	点击街道
104308	1043	8	6	1104					500107		1	0;180	就在这里进行我们的路演吧！	就在这里进行我们的路演吧！	1	1	60			0	进行第一个城市的路演	点击路演按钮
104309	1043	9	7	1104					500108		1	0;180	这样就可以占领这座城市啦！	这样就可以占领这座城市啦！	1	1	60	1	101701	0	占领第六个城市	点击占领按钮
104401	1044	1	21						100101		1	0;400	建办公室需要更多空间，我们得先把顶层扩建一下~	建办公室需要更多空间，我们得先把顶层扩建一下~	1	1	60			0	建造办公室	点击扩建
104402	1044	2	20						100102		1	0;400	开始建造办公室吧，让我们的公司进一步壮大~	开始建造办公室吧，让我们的公司进一步壮大~	1	1	60			0	建造办公室	点击建造
104403	1044	3	1	9					100103	9	1	0;400	看，现在我们可以建造办公室啦，赶紧动工吧！	看，现在我们可以建造办公室啦，赶紧动工吧！	1	1	60			0	建造办公室	点击办公室
104501	1045	1	20						530101		1	0;180	首先，让我们看一下经营情况~	首先，让我们看一下经营情况~	1	1	60			0	处理公务	点击经营
104502	1045	2	20						530102		1	0;180	这里能看到目前需要处理的公务哦。	这里能看到目前需要处理的公务哦。	1	1	60			0	处理公务	点击公务
104503	1045	3	17	3					530103	3	1	0;180	你这个样子看上去还挺有Boss风范的嘛，哈哈	你这个样子看上去还挺有Boss风范的嘛，哈哈	1	1	60			0	处理公务	点击处理公务
104601	1046	1	20						300111		1	0;180	之前查看过电影的持续收益，现在我们可以收取它们啦~	之前查看过电影的持续收益，现在我们可以收取它们啦~	1	1	60			0	收取电影收益	点击后续电影
104602	1046	2	19	5000					300105		1	0;180	快点收取收益吧~	快点收取收益吧~	1	1	60			0	收取电影收益	点击领取收益
104701	1047	1	20						500101		1	0;180	先来看看我们的市场版图吧~	先来看看我们的市场版图吧~	1	1	60			0	收取城市收益	点击市场ICON
104702	1047	2	22	101					500102	101												点击国家
104703	1047	3	20						500111		1	0;400	让我们选择已经占领的这座城市吧！	让我们选择已经占领的这座城市吧！	1	1	60			0	收取城市收益	点击城市
104704	1047	4	14	500					500110		1	0;180	我们可以定期来这里收取城市所产生的收益哦。	我们可以定期来这里收取城市所产生的收益哦。	1	1	60			0	收取城市收益	点击领取城市收益
104801	1048	1	20						510101		1	0;180	首先，让我们看一下经营情况~	首先，让我们看一下经营情况~	1	1	60			0	生产一次周边	点击经营
104802	1048	2	20						510102		1	0;180	让我们看一下目前可以生产的周边吧~	让我们看一下目前可以生产的周边吧~	1	1	60			0	生产一次周边	点击生产
104803	1048	3	15	5					510103		1	0;180	选择一条生产线开始生产吧~之后只要等待生产完成就可以啦。	选择一条生产线开始生产吧~之后只要等待生产完成就可以啦。	1	1	60			0	生产一次周边	生产钞票
104901	1049	1	21						100101		1	0;400	建接待室需要更多空间，我们得先把顶层扩建一下~	建接待室需要更多空间，我们得先把顶层扩建一下~	1	1	60			0	建造接待室	点击扩建
104902	1049	2	20						100102		1	0;400	开始建造接待室吧，让我们的公司进一步壮大~	开始建造接待室吧，让我们的公司进一步壮大~	1	1	60			0	建造接待室	点击建造
104903	1049	3	1	10					100103	10	1	0;400	看，现在我们可以建造接待室啦，赶紧动工吧！	看，现在我们可以建造接待室啦，赶紧动工吧！	1	1	60			0	建造接待室	点击接待室
105001	1050	1	20						540101		1	0;180	首先，让我们看一下经营情况~	首先，让我们看一下经营情况~	1	1	60			0	完成粉丝探班	点击经营
105002	1050	2	20						540102		1	0;180	我们可以在这里接待粉丝哦~	我们可以在这里接待粉丝哦~	1	1	60			0	完成粉丝探班	点击粉丝接待
105003	1050	3	18	1					540103		1	0;180	让我们找找看这位被粉丝指名的艺人跑哪去了吧~	让我们找找看这位被粉丝指名的艺人跑哪去了吧~	1	1	60			0	完成粉丝探班	点击艺人模型
105101	1051	1	20						100106		1	0;180	点击打开排行榜	点击打开排行榜	1	1	60	1	200401	0	引导任务祝贺总排行榜1	引导任务祝贺总排行榜1
999998	1052	1	20						300101		1	0;180	没有收到任何订单，先拍摄一部电影吧	没有收到任何订单，先拍摄一部电影吧	1	1	60			0	先拍摄一部电影吧	先拍摄一部电影吧
999999	1051	1	20						300101		1	0;180	没有正在持续收益的电影，先拍摄一部电影吧	没有正在持续收益的电影，先拍摄一部电影吧	1	1	60			0	先拍摄一部电影吧	先拍摄一部电影吧
200101	2001	1	20						300101		1	0;180	点击拍摄电影	点击拍摄电影	1	1	60			0	引导任务拍摄电影	引导任务拍摄电影
200201	2002	1	20						400101		1	0;180	打开艺人界面	打开艺人界面	1	1	60				引导任务升级艺人1	引导任务升级艺人1
200202	2002	2	20						400106		1	0;180	选择可升级的艺人	选择可升级的艺人	1	1	60			0	引导任务升级艺人2	引导任务升级艺人2
200203	2002	3	20						400104		1	0;180	点击升级按钮	点击升级按钮	1	1	60			0	引导任务升级艺人3	引导任务升级艺人3
200301	2003	1	20						400101		1	0;180	打开艺人界面	打开艺人界面	1	1	60				引导任务培养艺人1	引导任务培养艺人1
200302	2003	2	20						400106		1	0;180	选择需要培养的艺人	选择需要培养的艺人	1	1	60			0	引导任务培养艺人2	引导任务培养艺人2
200303	2003	3	20						400108		1	0;180	点击培养按钮	点击培养按钮	1	1	60			0	引导任务培养艺人3	引导任务培养艺人3
200401	2004	1	20						400101		1	0;180	打开艺人界面	打开艺人界面	1	1	60			0	引导任务赠送礼物1	引导任务赠送礼物1
200402	2004	2	20						400106		1	0;180	选择赠送礼物的艺人	选择赠送礼物的艺人	1	1	60			0	引导任务赠送礼物2	引导任务赠送礼物2
200403	2004	3	20						400107	2	1	0;180	打开礼物界面	打开礼物界面	1	1	60			0	引导任务赠送礼物3	引导任务赠送礼物3
200404	2004	4	24						400109		1	0;180	赠送艺人礼物	赠送艺人礼物	1	1	60			0	引导任务赠送礼物4	引导任务赠送礼物4
200501	2005	1	20						410101		1	0;180	打开训练室	打开训练室	1	1	60			0	引导任务训练艺人	引导任务训练艺人
200601	2006	1	20						400101		1	0;180	打开艺人界面	打开艺人界面	1	1	60			0	引导任务升级技能1	引导任务升级技能1
200602	2006	2	20						400106		1	0;180	选择需要升级技能的艺人	选择需要升级技能的艺人	1	1	60			0	引导任务升级技能2	引导任务升级技能2
200603	2006	3	20						400107	1	1	0;180	打开技能界面	打开技能界面	1	1	60			0	引导任务升级技能3	引导任务升级技能3
200604	2006	4	24						400109		1	0;180	升级艺人技能	升级艺人技能	1	1	60			0	引导任务升级技能4	引导任务升级技能4
200701	2007	1	20						540101		1	0;180	打开经营界面	打开经营界面	1	1	60			0	引导任务完成公务1	引导任务完成公务1
200702	2007	1	20						530102		1	0;180	打开公务界面	打开公务界面	1	1	60			0	引导任务完成公务2	引导任务完成公务2
200801	2008	1	20						540101		1	0;180	打开经营界面	打开经营界面	1	1	60			0	引导任务完成会议1	引导任务完成会议1
200802	2008	1	20						550101		1	0;180	打开会议界面	打开会议界面	1	1	60			0	引导任务完成会议2	引导任务完成会议2
200901	2009	1	20						540101		1	0;180	打开经营界面	打开经营界面	1	1	60			0	引导任务接见粉丝2	引导任务接见粉丝2
200902	2009	1	20						540102		1	0;180	打开粉丝界面	打开粉丝界面	1	1	60			0	引导任务接见粉丝2	引导任务接见粉丝2
201001	2010	1	20						500101		1	0;180	进入市场界面进行街道宣传	进入市场界面进行街道宣传	1	1	60			0	引导任务街道宣传	引导任务街道宣传
201101	2011	1	20						500101		1	0;180	进入市场界面领取城市收益	进入市场界面领取城市收益	1	1	60			0	引导任务领取城市	引导任务领取城市
201201	2012	1	20						100106		1	0;180	打开排行榜	打开排行榜	1	1	60			0	引导任务祝贺总排行榜1	引导任务祝贺总排行榜1
201202	2012	1	24						1060103		1	0;180	点击前三名的祝贺按钮	点击前三名的祝贺按钮	1	1	60			0	引导任务祝贺总排行榜2	引导任务祝贺总排行榜2
201301	2013	1	20						100106		1	0;180	打开排行榜	打开排行榜	1	1	60			0	引导任务祝贺影片排行榜1	引导任务祝贺影片排行榜1
201302	2013	1	20						1060101		1	0;180	打开影片排行榜	打开影片排行榜	1	1	60			0	引导任务祝贺影片排行榜2	引导任务祝贺影片排行榜2
201303	2013	1	24						1060103		1	0;180	点击前三名的祝贺按钮	点击前三名的祝贺按钮	1	1	60			0	引导任务祝贺影片排行榜3	引导任务祝贺影片排行榜3
201401	2014	1	20						100106		1	0;180	打开排行榜	打开排行榜	1	1	60			0	引导任务祝贺领取奖励1	引导任务祝贺领取奖励1
201402	2014	1	20						1060102		1	0;320	打开街区	打开街区	1	1	60			0	引导任务祝贺领取奖励2	引导任务祝贺领取奖励2
201403	2014	1	24						1060103		1	0;180	领取奖励	领取奖励	1	1	60			0	引导任务祝贺领取奖励3	引导任务祝贺领取奖励3
201601	2016	1	20						520101		1	0;180	打开经营界面	打开经营界面	1	1	60			0	引导任务领取生产1	引导任务领取生产1
201602	2016	1	20						510102		1	0;180	进入生产	进入生产	1	1	60			0	引导任务领取生产2	引导任务领取生产2
201603	2016	1	24						400107		1	0;180	领取已完成的生产	领取已完成的生产	1	1	60			0	引导任务领取生产3	引导任务领取生产3
201701	2017	1	20						520101		1	0;180	打开经营界面	打开经营界面	1	1	60			0	引导任务完成订单1	引导任务完成订单1
201702	2017	1	20						520103		1	0;180	进入订单	进入订单	1	1	60			0	引导任务完成订单2	引导任务完成订单2
201703	2017	1	24						400107		1	0;180	完成指定数量的订单	完成指定数量的订单	1	1	60			0	引导任务完成订单3	引导任务完成订单3
202001	2020	1	20						100107	2	1	0;180	向合作者赠送美元	向合作者赠送美元	1	1	60			0	引导任务赠送美元	引导任务赠送美元
202101	2021	1	20						100107	0	1	0;180	完成合作任务	完成合作任务	1	1	60			0	引导任务合作任务	引导任务合作任务
202201	2022	1	20						100107	1	1	0;180	装填合作订单	装填合作订单	1	1	60			0	引导任务合作订单	引导任务合作订单
